Account_ID,Customer_ID,Account_Type,Balance
5000,1000,Current,202423.26
5001,1001,Savings,448230.24
5002,1002,Current,463624.71
5003,1003,Savings,416327.4
5004,1004,Savings,86037.79
5005,1005,Savings,25341.67
5006,1006,Current,264414.11
5007,1007,Current,338725.2
5008,1008,Current,328312.12
5009,1009,Current,136011.05
5010,1010,Current,169731.27
5011,1011,Current,483827.8
5012,1012,Savings,213947.75
5013,1013,Savings,324476.1
5014,1014,Current,250832.79
5015,1015,Current,427534.14
5016,1016,Current,419006.57
5017,1017,Savings,324811.32
5018,1018,Current,465928.04
5019,1019,Savings,104662.35
5020,1020,Current,268739.79
5021,1021,Current,117999.53
5022,1022,Current,52152.26
5023,1023,Savings,386248.77
5024,1024,Current,306738.35
5025,1025,Savings,52857.4
5026,1026,Current,494428.95
5027,1027,Savings,42779.44
5028,1028,Savings,343950.95
5029,1029,Current,302418.48
5030,1030,Savings,207686.3
5031,1031,Current,430579.78
5032,1032,Current,175403.34
5033,1033,Current,411648.07
5034,1034,Current,297080.16
5035,1035,Savings,196865.75
5036,1036,Savings,172588.82
5037,1037,Savings,131266.75
5038,1038,Current,9580.13
5039,1039,Savings,310766.5
5040,1040,Current,227771.17
5041,1041,Savings,169265.11
5042,1042,Savings,88575.57
5043,1043,Savings,1471.61
5044,1044,Savings,338191.12
5045,1045,Savings,430002.1
5046,1046,Savings,176425.91
5047,1047,Current,271048.58
5048,1048,Savings,299479.59
5049,1049,Current,124340.91
5050,1050,Current,244494.61
5051,1051,Savings,333214.48
5052,1052,Savings,438264.19
5053,1053,Current,403574.16
5054,1054,Current,434795.99
5055,1055,Savings,498448.01
5056,1056,Savings,131868.08
5057,1057,Current,363549.83
5058,1058,Savings,281100.03
5059,1059,Current,293406.2
5060,1060,Current,145468.05
5061,1061,Savings,424550.74
5062,1062,Savings,394815.15
5063,1063,Current,410883.96
5064,1064,Current,498491.23
5065,1065,Current,155161.61
5066,1066,Current,487386.74
5067,1067,Savings,105576.44
5068,1068,Savings,46237.31
5069,1069,Savings,6117.31
5070,1070,Savings,117913.13
5071,1071,Current,156970.4
5072,1072,Savings,155272.12
5073,1073,Current,465035.72
5074,1074,Savings,157223.43
5075,1075,Savings,329975.99
5076,1076,Savings,492695.38
5077,1077,Savings,147677.55
5078,1078,Savings,487682.62
5079,1079,Savings,381563.04
5080,1080,Current,406439.52
5081,1081,Savings,284775.92
5082,1082,Current,389034.66
5083,1083,Savings,305393.02
5084,1084,Savings,242903.73
5085,1085,Savings,427237.15
5086,1086,Savings,410549.18
5087,1087,Savings,198582.78
5088,1088,Savings,21697.93
5089,1089,Savings,463099.21
5090,1090,Savings,391391.21
5091,1091,Savings,429037.87
5092,1092,Savings,12826.43
5093,1093,Savings,437160.32
5094,1094,Savings,234974.8
5095,1095,Savings,455274.31
5096,1096,Current,346372.32
5097,1097,Savings,213399.51
5098,1098,Current,62735.07
5099,1099,Current,279260.3
5100,1100,Current,354753.35
5101,1101,Current,452124.72
5102,1102,Current,442769.65
5103,1103,Current,130064.4
5104,1104,Savings,38456.74
5105,1105,Savings,235401.2
5106,1106,Savings,138938.6
5107,1107,Current,159394.65
5108,1108,Current,334041.36
5109,1109,Savings,373555.25
5110,1110,Savings,367030.85
5111,1111,Current,408794.24
5112,1112,Savings,22687.6
5113,1113,Savings,482728.89
5114,1114,Current,169897.34
5115,1115,Savings,184183.82
5116,1116,Current,316391.5
5117,1117,Savings,113473.23
5118,1118,Savings,339240.87
5119,1119,Current,131965.11
5120,1120,Savings,351199.03
5121,1121,Current,409082.49
5122,1122,Savings,450209.34
5123,1123,Current,204700.81
5124,1124,Savings,403717.08
5125,1125,Current,233072.04
5126,1126,Savings,123695.86
5127,1127,Savings,366042.23
5128,1128,Current,147962.06
5129,1129,Current,86191.83
5130,1130,Savings,61475.57
5131,1131,Savings,199460.52
5132,1132,Savings,373267.4
5133,1133,Current,407136.65
5134,1134,Current,417478.29
5135,1135,Savings,214573.82
5136,1136,Current,19856.97
5137,1137,Current,90006.83
5138,1138,Savings,98468.27
5139,1139,Current,252393.6
5140,1140,Current,458012.94
5141,1141,Savings,66011.12
5142,1142,Savings,17800.92
5143,1143,Current,1213.84
5144,1144,Current,450394.81
5145,1145,Current,411242.91
5146,1146,Savings,481532.57
5147,1147,Savings,350465.41
5148,1148,Current,305726.35
5149,1149,Savings,62469.96
5150,1150,Current,288260.88
5151,1151,Savings,395613.87
5152,1152,Savings,434798.28
5153,1153,Savings,435179.76
5154,1154,Current,152444.75
5155,1155,Current,95792.3
5156,1156,Current,75073.19
5157,1157,Savings,322386.34
5158,1158,Current,35939.78
5159,1159,Current,435430.46
5160,1160,Savings,404095.64
5161,1161,Current,4461.16
5162,1162,Savings,294163.11
5163,1163,Current,316948.56
5164,1164,Current,453148.9
5165,1165,Savings,267881.73
5166,1166,Savings,26806.32
5167,1167,Savings,342027.9
5168,1168,Savings,175400.89
5169,1169,Savings,255270.59
5170,1170,Savings,120403.9
5171,1171,Savings,430366.72
5172,1172,Savings,294458.43
5173,1173,Current,372856.14
5174,1174,Savings,76053.61
5175,1175,Current,282963.59
5176,1176,Current,151465.63
5177,1177,Current,13744.58
5178,1178,Current,364566.15
5179,1179,Savings,489586.05
5180,1180,Current,364201.69
5181,1181,Savings,42942.19
5182,1182,Current,315367.82
5183,1183,Current,414540.77
5184,1184,Current,81490.69
5185,1185,Current,490458.8
5186,1186,Current,312185.86
5187,1187,Savings,491047.51
5188,1188,Savings,315451.98
5189,1189,Savings,334680.5
5190,1190,Savings,380034.28
5191,1191,Savings,402104.66
5192,1192,Savings,439326.51
5193,1193,Savings,376287.2
5194,1194,Current,230264.99
5195,1195,Savings,127673.89
5196,1196,Savings,199171.26
5197,1197,Current,460012.01
5198,1198,Savings,431666.89
5199,1199,Savings,181790.52
5200,1200,Savings,212207.52
5201,1201,Current,147827.3
5202,1202,Current,311396.49
5203,1203,Savings,180660.39
5204,1204,Current,401933.9
5205,1205,Current,238546.29
5206,1206,Savings,110841.08
5207,1207,Current,223433.66
5208,1208,Current,367863.78
5209,1209,Current,227418.11
5210,1210,Current,286464.47
5211,1211,Savings,457117.69
5212,1212,Savings,356798.98
5213,1213,Current,498422
5214,1214,Savings,39208.15
5215,1215,Current,375444.05
5216,1216,Savings,366614.94
5217,1217,Savings,55325.76
5218,1218,Current,483003.38
5219,1219,Savings,422773.34
5220,1220,Savings,256323.15
5221,1221,Current,111001.92
5222,1222,Savings,94026.14
5223,1223,Savings,64693.75
5224,1224,Savings,97553.58
5225,1225,Current,462430.44
5226,1226,Savings,317816.19
5227,1227,Savings,63218.2
5228,1228,Savings,460899.8
5229,1229,Savings,27840.14
5230,1230,Savings,205132.94
5231,1231,Current,371570.44
5232,1232,Savings,411170.93
5233,1233,Current,421707.37
5234,1234,Current,472646.05
5235,1235,Savings,134673.12
5236,1236,Savings,191859.11
5237,1237,Current,317321.54
5238,1238,Current,438432.42
5239,1239,Current,300882.29
5240,1240,Current,136771.36
5241,1241,Current,401207.16
5242,1242,Savings,451093.09
5243,1243,Savings,5169.86
5244,1244,Current,3528.71
5245,1245,Current,477045.83
5246,1246,Current,278695.06
5247,1247,Current,45049.05
5248,1248,Savings,178869.01
5249,1249,Current,284063.77
5250,1250,Savings,312987.09
5251,1251,Current,82419.49
5252,1252,Savings,420185.39
5253,1253,Current,272904.41
5254,1254,Current,263068.36
5255,1255,Current,270913.56
5256,1256,Current,32065.66
5257,1257,Savings,376323.68
5258,1258,Current,41200.14
5259,1259,Savings,232161.85
5260,1260,Savings,294942.88
5261,1261,Current,106528.33
5262,1262,Savings,241596.83
5263,1263,Current,143935.29
5264,1264,Current,355099.06
5265,1265,Current,267283.43
5266,1266,Savings,47217.65
5267,1267,Savings,300336.79
5268,1268,Savings,68994.7
5269,1269,Current,2372.14
5270,1270,Savings,73984.67
5271,1271,Savings,3144.12
5272,1272,Current,493994.5
5273,1273,Savings,317267.14
5274,1274,Savings,313131.18
5275,1275,Current,466677.8
5276,1276,Savings,64641.75
5277,1277,Current,14790
5278,1278,Savings,341614.41
5279,1279,Current,309299.39
5280,1280,Current,452438.66
5281,1281,Current,162278.04
5282,1282,Savings,276698.91
5283,1283,Savings,282749.6
5284,1284,Savings,129040.08
5285,1285,Savings,180661.32
5286,1286,Savings,174865.12
5287,1287,Savings,422385.16
5288,1288,Savings,188384.86
5289,1289,Savings,311935.7
5290,1290,Savings,187568.37
5291,1291,Savings,43354.63
5292,1292,Savings,462964.19
5293,1293,Savings,40268
5294,1294,Current,6023.8
5295,1295,Savings,136288.23
5296,1296,Current,139539.8
5297,1297,Current,145839.94
5298,1298,Savings,400992.13
5299,1299,Savings,144161.93
5300,1300,Savings,315897.65
5301,1301,Current,4718.92
5302,1302,Savings,446331.87
5303,1303,Savings,130716.42
5304,1304,Current,269236.9
5305,1305,Current,284590.75
5306,1306,Savings,120716.23
5307,1307,Savings,295902.69
5308,1308,Savings,433588.75
5309,1309,Current,166238.85
5310,1310,Savings,466915.55
5311,1311,Current,118068.86
5312,1312,Savings,59833.65
5313,1313,Current,175486.8
5314,1314,Savings,446401.63
5315,1315,Savings,81526.01
5316,1316,Savings,208512.08
5317,1317,Current,312515.11
5318,1318,Current,408021.74
5319,1319,Savings,452636.91
5320,1320,Savings,495936.75
5321,1321,Current,422790.21
5322,1322,Savings,5741.3
5323,1323,Savings,197061.11
5324,1324,Savings,427273.59
5325,1325,Savings,488060.14
5326,1326,Current,30700.58
5327,1327,Current,170590.07
5328,1328,Current,325788.97
5329,1329,Savings,204957.33
5330,1330,Savings,79207.69
5331,1331,Current,449836.45
5332,1332,Savings,152815.25
5333,1333,Savings,128627.21
5334,1334,Savings,286237.36
5335,1335,Current,422503.04
5336,1336,Current,238849.01
5337,1337,Current,56964.59
5338,1338,Current,224534.77
5339,1339,Current,50402.1
5340,1340,Savings,87758.2
5341,1341,Savings,218726.56
5342,1342,Savings,58097.85
5343,1343,Current,335375.25
5344,1344,Savings,272387.42
5345,1345,Savings,172281.94
5346,1346,Savings,80372.48
5347,1347,Savings,256995.84
5348,1348,Current,399382.47
5349,1349,Current,374891.21
5350,1350,Savings,486251.85
5351,1351,Savings,250677.45
5352,1352,Current,316121.9
5353,1353,Current,122541.87
5354,1354,Savings,386177.32
5355,1355,Savings,250528.23
5356,1356,Savings,236838.01
5357,1357,Savings,150104.71
5358,1358,Current,159812.15
5359,1359,Savings,104545.8
5360,1360,Current,472809.89
5361,1361,Current,119743.35
5362,1362,Savings,20256.85
5363,1363,Current,211870.22
5364,1364,Current,484299.75
5365,1365,Savings,16146.92
5366,1366,Current,129870.35
5367,1367,Savings,126034.85
5368,1368,Savings,266720.87
5369,1369,Savings,378488.87
5370,1370,Current,207631.96
5371,1371,Current,165067.65
5372,1372,Current,143187.52
5373,1373,Current,458871.21
5374,1374,Savings,470371.99
5375,1375,Savings,290283.86
5376,1376,Current,440497.42
5377,1377,Savings,493861.29
5378,1378,Current,283328.13
5379,1379,Current,149571.1
5380,1380,Savings,168684.97
5381,1381,Current,306563.32
5382,1382,Current,191166.1
5383,1383,Savings,255452.75
5384,1384,Savings,115626.83
5385,1385,Current,496823.64
5386,1386,Savings,96793.3
5387,1387,Current,457098.15
5388,1388,Savings,434586.83
5389,1389,Savings,405385.6
5390,1390,Current,468587.93
5391,1391,Current,403057.81
5392,1392,Savings,176913.64
5393,1393,Savings,85617.32
5394,1394,Current,252397.12
5395,1395,Savings,3722
5396,1396,Savings,474508.76
5397,1397,Savings,428225.79
5398,1398,Savings,410710.2
5399,1399,Current,179296.16
5400,1400,Savings,58294.93
5401,1401,Savings,355847.65
5402,1402,Savings,324417.3
5403,1403,Current,411811.01
5404,1404,Savings,255212.8
5405,1405,Savings,76535.55
5406,1406,Savings,409058.3
5407,1407,Current,351446.21
5408,1408,Current,479016.01
5409,1409,Current,45797.55
5410,1410,Current,293800.29
5411,1411,Current,318603.12
5412,1412,Current,499949.06
5413,1413,Current,416395.28
5414,1414,Savings,156967.7
5415,1415,Current,236923.81
5416,1416,Current,179395.06
5417,1417,Savings,459008.19
5418,1418,Savings,262537.76
5419,1419,Current,450995.82
5420,1420,Current,181609.57
5421,1421,Savings,90697.81
5422,1422,Current,271217.65
5423,1423,Savings,493584.7
5424,1424,Current,314609.82
5425,1425,Current,28455.76
5426,1426,Savings,17846.27
5427,1427,Current,215398.13
5428,1428,Current,19632.95
5429,1429,Savings,53176.73
5430,1430,Current,376968.54
5431,1431,Savings,379373.21
5432,1432,Current,93163.7
5433,1433,Current,425703.66
5434,1434,Savings,88610.67
5435,1435,Savings,382357.61
5436,1436,Savings,301604.89
5437,1437,Savings,428385.64
5438,1438,Savings,376946.65
5439,1439,Current,1165.22
5440,1440,Savings,31310.14
5441,1441,Current,17054.69
5442,1442,Savings,416932.8
5443,1443,Current,298370.28
5444,1444,Savings,484032.88
5445,1445,Current,194855.45
5446,1446,Savings,90252.94
5447,1447,Savings,170678.75
5448,1448,Current,136076.77
5449,1449,Savings,424429.81
5450,1450,Current,133736.07
5451,1451,Current,67581.35
5452,1452,Current,167164.36
5453,1453,Current,399068.17
5454,1454,Savings,200943.87
5455,1455,Current,307960.61
5456,1456,Savings,103532.11
5457,1457,Savings,38606.54
5458,1458,Savings,117777.16
5459,1459,Savings,410090.74
5460,1460,Savings,344323.62
5461,1461,Current,41998.41
5462,1462,Savings,108155.21
5463,1463,Savings,116538.99
5464,1464,Current,141625.96
5465,1465,Savings,330309.52
5466,1466,Savings,83373.11
5467,1467,Current,59927.69
5468,1468,Savings,256681.14
5469,1469,Current,164176.27
5470,1470,Current,111780.04
5471,1471,Current,87872.35
5472,1472,Current,131328.68
5473,1473,Savings,20197.94
5474,1474,Savings,156723.55
5475,1475,Current,192234.52
5476,1476,Current,113639.11
5477,1477,Current,322985.7
5478,1478,Current,429550.16
5479,1479,Current,369677.93
5480,1480,Current,100083.31
5481,1481,Savings,66203.7
5482,1482,Current,462263.72
5483,1483,Savings,227751.07
5484,1484,Savings,432202.43
5485,1485,Savings,326205.77
5486,1486,Savings,365368.31
5487,1487,Current,98232.13
5488,1488,Current,396750.88
5489,1489,Current,202240.66
5490,1490,Savings,185477.32
5491,1491,Savings,308387.25
5492,1492,Current,139192.57
5493,1493,Current,135573.3
5494,1494,Savings,40150.79
5495,1495,Savings,198756.55
5496,1496,Savings,305455.6
5497,1497,Savings,132761.74
5498,1498,Savings,447534.74
5499,1499,Current,487669.94
5500,1500,Current,73592.67
5501,1501,Savings,263078.94
5502,1502,Current,151579.24
5503,1503,Savings,197379.53
5504,1504,Current,222269.74
5505,1505,Savings,225918.44
5506,1506,Savings,189361.94
5507,1507,Current,179169.61
5508,1508,Savings,39470.19
5509,1509,Savings,194831.52
5510,1510,Savings,494258.33
5511,1511,Current,229767.72
5512,1512,Current,185737.17
5513,1513,Current,380841.91
5514,1514,Current,445198.58
5515,1515,Current,331540.97
5516,1516,Savings,180719.1
5517,1517,Savings,202618.02
5518,1518,Current,209838.48
5519,1519,Savings,52549.87
5520,1520,Savings,269082.65
5521,1521,Current,93522.33
5522,1522,Current,334374.8
5523,1523,Current,379347.88
5524,1524,Current,294355.89
5525,1525,Savings,139965.94
5526,1526,Current,410365.53
5527,1527,Current,101744.26
5528,1528,Current,110092.24
5529,1529,Current,69285.26
5530,1530,Current,380039.34
5531,1531,Savings,272746.87
5532,1532,Savings,55748.81
5533,1533,Current,295860.57
5534,1534,Savings,429288.34
5535,1535,Current,226469.84
5536,1536,Current,415419.77
5537,1537,Savings,468055.41
5538,1538,Current,134029.63
5539,1539,Current,282599.14
5540,1540,Current,445754.69
5541,1541,Current,305260.14
5542,1542,Savings,218388.36
5543,1543,Current,298547.79
5544,1544,Current,373707.56
5545,1545,Current,138049.04
5546,1546,Savings,72351.91
5547,1547,Current,95621.2
5548,1548,Current,363920.41
5549,1549,Current,56491.78
5550,1550,Current,162398.51
5551,1551,Current,417040.23
5552,1552,Current,442693.18
5553,1553,Current,484023.48
5554,1554,Current,304549.85
5555,1555,Savings,120232.66
5556,1556,Savings,332942.6
5557,1557,Savings,95346.78
5558,1558,Savings,121049.64
5559,1559,Savings,464437.49
5560,1560,Current,5865.08
5561,1561,Savings,275144.04
5562,1562,Savings,30107.25
5563,1563,Savings,112159.1
5564,1564,Current,177616.42
5565,1565,Savings,55168.71
5566,1566,Current,18254.19
5567,1567,Savings,178403.41
5568,1568,Current,256425.13
5569,1569,Savings,403586.29
5570,1570,Current,169647.71
5571,1571,Current,156166.46
5572,1572,Current,6682.67
5573,1573,Current,308868.89
5574,1574,Current,383048.57
5575,1575,Current,2797.08
5576,1576,Savings,3830.63
5577,1577,Savings,433149.33
5578,1578,Savings,139496.99
5579,1579,Savings,263447.15
5580,1580,Savings,329824.21
5581,1581,Savings,322701.64
5582,1582,Current,280082.32
5583,1583,Current,101106.81
5584,1584,Savings,378967.97
5585,1585,Current,284864.19
5586,1586,Savings,161704.23
5587,1587,Savings,346473.23
5588,1588,Current,76412.38
5589,1589,Savings,184028.28
5590,1590,Savings,99872.5
5591,1591,Current,180921.44
5592,1592,Current,277459.24
5593,1593,Current,229906.91
5594,1594,Savings,285919.48
5595,1595,Savings,152165.8
5596,1596,Savings,45920.01
5597,1597,Savings,58157.59
5598,1598,Savings,182187.56
5599,1599,Savings,210410.81
5600,1600,Current,360713.36
5601,1601,Savings,146621.52
5602,1602,Current,355361.49
5603,1603,Savings,304670.85
5604,1604,Savings,142977.32
5605,1605,Current,487905.98
5606,1606,Current,134368.99
5607,1607,Savings,265462.32
5608,1608,Current,420771.17
5609,1609,Current,109379.13
5610,1610,Savings,34865
5611,1611,Current,245057.56
5612,1612,Savings,309321.24
5613,1613,Savings,63521.22
5614,1614,Current,54514.09
5615,1615,Savings,41837.44
5616,1616,Savings,329064.26
5617,1617,Savings,467086.45
5618,1618,Savings,462392.86
5619,1619,Current,404445.04
5620,1620,Savings,187722.36
5621,1621,Savings,286094.15
5622,1622,Savings,499937.06
5623,1623,Savings,416807.15
5624,1624,Savings,44237.22
5625,1625,Current,2077.22
5626,1626,Savings,192848.38
5627,1627,Savings,14446.87
5628,1628,Savings,380910.71
5629,1629,Savings,304733.07
5630,1630,Savings,331473.95
5631,1631,Savings,461993.6
5632,1632,Savings,492626.73
5633,1633,Savings,161939.01
5634,1634,Savings,70654.15
5635,1635,Savings,14180.03
5636,1636,Current,435631.27
5637,1637,Savings,145248.08
5638,1638,Savings,17827.52
5639,1639,Current,298929.34
5640,1640,Current,201110.98
5641,1641,Savings,435539.06
5642,1642,Current,51882.95
5643,1643,Current,298050.13
5644,1644,Savings,395062.75
5645,1645,Current,433142.07
5646,1646,Savings,36714.33
5647,1647,Current,391580.2
5648,1648,Current,398012.44
5649,1649,Current,131655.47
5650,1650,Savings,151223.17
5651,1651,Current,460376.41
5652,1652,Current,314182.08
5653,1653,Savings,16202.71
5654,1654,Savings,409227.61
5655,1655,Savings,485438.21
5656,1656,Current,205938.7
5657,1657,Savings,376329.37
5658,1658,Current,362083.07
5659,1659,Current,201477.66
5660,1660,Current,227277.22
5661,1661,Current,310809.84
5662,1662,Savings,87877.75
5663,1663,Current,253802.51
5664,1664,Savings,168554.38
5665,1665,Current,43021.31
5666,1666,Savings,101052.42
5667,1667,Savings,251258.34
5668,1668,Savings,453919.78
5669,1669,Current,430465.81
5670,1670,Current,458926.63
5671,1671,Current,122989.55
5672,1672,Savings,413575.17
5673,1673,Current,172396.34
5674,1674,Current,481174.76
5675,1675,Current,131026.22
5676,1676,Current,166548.57
5677,1677,Current,5600.94
5678,1678,Current,461322.62
5679,1679,Current,307291.34
5680,1680,Current,156774.21
5681,1681,Current,72842.5
5682,1682,Savings,323211.52
5683,1683,Current,48871.75
5684,1684,Savings,73450.04
5685,1685,Current,253556.97
5686,1686,Savings,66944.2
5687,1687,Current,46314.04
5688,1688,Current,347239.67
5689,1689,Current,231119.38
5690,1690,Savings,25789.65
5691,1691,Current,24957.88
5692,1692,Current,480268.25
5693,1693,Current,28030.24
5694,1694,Savings,222778.7
5695,1695,Current,195258.94
5696,1696,Current,251978.57
5697,1697,Savings,440337.79
5698,1698,Current,338325.29
5699,1699,Current,389383
5700,1700,Savings,214897.74
5701,1701,Savings,282911.94
5702,1702,Savings,35055.55
5703,1703,Current,36991.66
5704,1704,Savings,434916.78
5705,1705,Current,254008.17
5706,1706,Current,55371.53
5707,1707,Savings,38376.2
5708,1708,Current,459849.1
5709,1709,Savings,86122.63
5710,1710,Current,216377.97
5711,1711,Current,391546.29
5712,1712,Savings,433725.84
5713,1713,Current,432296.03
5714,1714,Savings,441822.58
5715,1715,Current,76014.19
5716,1716,Savings,214714.14
5717,1717,Savings,330356.33
5718,1718,Current,450707.69
5719,1719,Savings,214736.19
5720,1720,Current,310970.49
5721,1721,Savings,479956.14
5722,1722,Current,482131.08
5723,1723,Savings,333585.75
5724,1724,Current,252072.8
5725,1725,Savings,286663.59
5726,1726,Current,450710.47
5727,1727,Current,346925.9
5728,1728,Savings,121354.7
5729,1729,Savings,98202.79
5730,1730,Savings,84404.27
5731,1731,Savings,298765.31
5732,1732,Current,318185.81
5733,1733,Current,40628.36
5734,1734,Current,373638.48
5735,1735,Savings,276164.04
5736,1736,Current,150278.23
5737,1737,Savings,478257.41
5738,1738,Current,247687.86
5739,1739,Savings,239223.81
5740,1740,Savings,221588.18
5741,1741,Savings,280299.92
5742,1742,Savings,24857.45
5743,1743,Current,24495.77
5744,1744,Savings,231610.79
5745,1745,Current,382876.51
5746,1746,Current,260178
5747,1747,Current,461038.11
5748,1748,Current,318854.83
5749,1749,Savings,5239.77
5750,1750,Current,224278.56
5751,1751,Current,276428.05
5752,1752,Current,9213.74
5753,1753,Current,54239.22
5754,1754,Savings,499292.95
5755,1755,Savings,338108.46
5756,1756,Current,338151.13
5757,1757,Current,285276.12
5758,1758,Current,448124.28
5759,1759,Current,144959.19
5760,1760,Current,426698.85
5761,1761,Savings,49251.6
5762,1762,Savings,487469.27
5763,1763,Current,408958.32
5764,1764,Savings,2198.49
5765,1765,Savings,30766.28
5766,1766,Current,43317.95
5767,1767,Savings,342200.71
5768,1768,Current,342544.51
5769,1769,Current,41533.9
5770,1770,Current,224717.15
5771,1771,Current,119592.11
5772,1772,Savings,200113.63
5773,1773,Savings,120400.54
5774,1774,Savings,208564.07
5775,1775,Savings,321501.12
5776,1776,Current,77768.53
5777,1777,Savings,109939.99
5778,1778,Savings,179270.14
5779,1779,Current,489942.87
5780,1780,Current,318476.6
5781,1781,Current,457832.28
5782,1782,Savings,428242.11
5783,1783,Current,279849.44
5784,1784,Savings,138707.04
5785,1785,Current,129491.57
5786,1786,Current,284964.69
5787,1787,Savings,278978.65
5788,1788,Current,280264.67
5789,1789,Savings,184057.26
5790,1790,Current,354123.27
5791,1791,Current,204681.02
5792,1792,Savings,176277.46
5793,1793,Savings,253172.81
5794,1794,Savings,447518.66
5795,1795,Current,353391.39
5796,1796,Current,407215.13
5797,1797,Savings,267673.45
5798,1798,Current,272413.32
5799,1799,Savings,430230.91
5800,1800,Current,73871.97
5801,1801,Current,480883.37
5802,1802,Savings,260630.07
5803,1803,Current,163555.59
5804,1804,Savings,158032.69
5805,1805,Savings,21970.71
5806,1806,Savings,144930.62
5807,1807,Savings,214511.47
5808,1808,Savings,350575.95
5809,1809,Savings,140253.88
5810,1810,Current,329173.84
5811,1811,Savings,300745.72
5812,1812,Savings,223874.57
5813,1813,Current,5848.57
5814,1814,Savings,294739.21
5815,1815,Savings,55983.79
5816,1816,Current,7465.99
5817,1817,Savings,50693.06
5818,1818,Current,96997.54
5819,1819,Savings,243300.72
5820,1820,Current,376906.97
5821,1821,Savings,472018.29
5822,1822,Savings,143329.88
5823,1823,Savings,280087.44
5824,1824,Current,497752.31
5825,1825,Current,294140.12
5826,1826,Savings,295267.1
5827,1827,Savings,82245.58
5828,1828,Savings,157351.96
5829,1829,Current,95951.83
5830,1830,Current,463180.47
5831,1831,Savings,232615.43
5832,1832,Current,179535.36
5833,1833,Savings,366897.9
5834,1834,Current,174114.69
5835,1835,Savings,434148.35
5836,1836,Savings,338163.27
5837,1837,Savings,22938.08
5838,1838,Savings,280367.15
5839,1839,Savings,411384.76
5840,1840,Current,470514.01
5841,1841,Current,152070.1
5842,1842,Savings,146578.51
5843,1843,Savings,273272.13
5844,1844,Current,9278
5845,1845,Current,148240.17
5846,1846,Current,383452.66
5847,1847,Savings,431718.56
5848,1848,Current,197025.65
5849,1849,Savings,458208.46
5850,1850,Current,142177.89
5851,1851,Savings,20325.82
5852,1852,Savings,83540.44
5853,1853,Savings,433586.21
5854,1854,Current,484119.13
5855,1855,Current,304035.04
5856,1856,Savings,365191.58
5857,1857,Savings,417490.75
5858,1858,Current,96218.32
5859,1859,Current,275359.99
5860,1860,Savings,469140.58
5861,1861,Savings,178586.72
5862,1862,Savings,495280.97
5863,1863,Current,353097.89
5864,1864,Savings,336364.37
5865,1865,Savings,15654.52
5866,1866,Current,6140.98
5867,1867,Current,79930.85
5868,1868,Current,466601.17
5869,1869,Savings,396375.05
5870,1870,Current,258667.84
5871,1871,Savings,246232.22
5872,1872,Savings,64911.17
5873,1873,Current,193997.34
5874,1874,Savings,75803.79
5875,1875,Savings,136938.09
5876,1876,Current,4194.3
5877,1877,Current,191650.28
5878,1878,Savings,335618.79
5879,1879,Savings,343945.19
5880,1880,Savings,208815.98
5881,1881,Current,364999.48
5882,1882,Current,212718.68
5883,1883,Current,451475.68
5884,1884,Savings,158866.01
5885,1885,Savings,301680.36
5886,1886,Savings,51959.47
5887,1887,Current,250567.62
5888,1888,Current,189877.47
5889,1889,Current,129249.88
5890,1890,Savings,159262.32
5891,1891,Savings,159908.29
5892,1892,Savings,242591.46
5893,1893,Current,421812.06
5894,1894,Savings,244081.9
5895,1895,Savings,104945.7
5896,1896,Savings,35494.37
5897,1897,Current,175434.03
5898,1898,Current,79483.32
5899,1899,Savings,418043.02
5900,1900,Savings,497494.53
5901,1901,Savings,424436.29
5902,1902,Savings,192959.16
5903,1903,Savings,41443.91
5904,1904,Current,354993.81
5905,1905,Current,334378.8
5906,1906,Savings,34546.2
5907,1907,Savings,394601.06
5908,1908,Current,412442.21
5909,1909,Savings,359174.61
5910,1910,Current,364109.43
5911,1911,Savings,345197.07
5912,1912,Current,218639.77
5913,1913,Savings,308537.18
5914,1914,Current,308781.43
5915,1915,Savings,269339.19
5916,1916,Current,302350.61
5917,1917,Savings,200323.24
5918,1918,Savings,339468.77
5919,1919,Current,114274.61
5920,1920,Current,426790.65
5921,1921,Savings,425614.98
5922,1922,Current,249433.2
5923,1923,Current,248799.78
5924,1924,Current,200124.8
5925,1925,Current,23825.44
5926,1926,Current,72489.26
5927,1927,Current,357529.59
5928,1928,Savings,72227.76
5929,1929,Current,206610.46
5930,1930,Current,177758.82
5931,1931,Savings,110543.61
5932,1932,Savings,264891.25
5933,1933,Savings,182172.31
5934,1934,Current,380006.83
5935,1935,Savings,319847.13
5936,1936,Current,240788.26
5937,1937,Current,288163.39
5938,1938,Current,216158.35
5939,1939,Current,391910.65
5940,1940,Current,480246.37
5941,1941,Savings,383652.47
5942,1942,Savings,430990.96
5943,1943,Savings,392048.17
5944,1944,Current,204398.25
5945,1945,Current,427224.78
5946,1946,Current,19937.01
5947,1947,Savings,442891.59
5948,1948,Current,235537.16
5949,1949,Current,165666.96
5950,1950,Savings,263055.88
5951,1951,Current,344291.37
5952,1952,Current,308031.61
5953,1953,Savings,309432.17
5954,1954,Savings,50878.43
5955,1955,Current,364768.34
5956,1956,Current,356133
5957,1957,Current,58762.59
5958,1958,Current,22751.06
5959,1959,Savings,491417.33
5960,1960,Savings,373374.57
5961,1961,Current,303282.19
5962,1962,Current,158808.28
5963,1963,Current,138553.08
5964,1964,Savings,68551.15
5965,1965,Savings,304663.06
5966,1966,Savings,288415.8
5967,1967,Savings,467816.22
5968,1968,Savings,314279.93
5969,1969,Savings,226277.84
5970,1970,Current,448749.1
5971,1971,Savings,307413.92
5972,1972,Current,357412.65
5973,1973,Savings,313707.11
5974,1974,Savings,85550.09
5975,1975,Savings,62801.21
5976,1976,Savings,312662.61
5977,1977,Savings,457089.27
5978,1978,Savings,481864.72
5979,1979,Current,497713.82
5980,1980,Savings,422154.79
5981,1981,Current,182579.65
5982,1982,Savings,307145.98
5983,1983,Savings,304918.58
5984,1984,Savings,269238.47
5985,1985,Current,371290.31
5986,1986,Current,85822.82
5987,1987,Current,95156
5988,1988,Savings,472390.59
5989,1989,Savings,420089.68
5990,1990,Current,409441.67
5991,1991,Current,242070.49
5992,1992,Current,284316.28
5993,1993,Current,312824.1
5994,1994,Savings,147693.38
5995,1995,Current,148061.78
5996,1996,Savings,90758.01
5997,1997,Current,280536.52
5998,1998,Current,82594.58
5999,1999,Current,101371.65
6000,2000,Savings,451364.03
6001,2001,Savings,263454.58
6002,2002,Current,309915.69
6003,2003,Current,68013.35
6004,2004,Current,103825.68
6005,2005,Current,50018.33
6006,2006,Savings,136486.27
6007,2007,Current,440893.15
6008,2008,Current,444436.16
6009,2009,Savings,337121.17
6010,2010,Savings,437966.79
6011,2011,Savings,96279.86
6012,2012,Current,74848.45
6013,2013,Savings,382986.2
6014,2014,Savings,494834.87
6015,2015,Current,359104.81
6016,2016,Current,19476.35
6017,2017,Savings,92753.63
6018,2018,Current,124505
6019,2019,Current,211955.54
6020,2020,Current,111251.02
6021,2021,Current,31253.79
6022,2022,Savings,129905.57
6023,2023,Current,176136.48
6024,2024,Current,142521.66
6025,2025,Current,14874.44
6026,2026,Savings,463878.86
6027,2027,Savings,271153.72
6028,2028,Savings,424426.26
6029,2029,Current,8700.47
6030,2030,Savings,398738.72
6031,2031,Current,352517.64
6032,2032,Savings,488572
6033,2033,Current,58219.82
6034,2034,Savings,321683.15
6035,2035,Savings,11570.75
6036,2036,Savings,179137.77
6037,2037,Savings,318244.54
6038,2038,Current,466111.34
6039,2039,Savings,42371.04
6040,2040,Current,245135.89
6041,2041,Current,119953.42
6042,2042,Current,108903.78
6043,2043,Savings,344464.82
6044,2044,Current,14607.78
6045,2045,Current,316250.55
6046,2046,Current,82026.86
6047,2047,Savings,8358.03
6048,2048,Savings,272314.29
6049,2049,Current,57083.99
6050,2050,Current,281181.08
6051,2051,Savings,140960.32
6052,2052,Savings,140130.53
6053,2053,Current,402880.24
6054,2054,Savings,356192.44
6055,2055,Savings,414037.32
6056,2056,Savings,213074.06
6057,2057,Savings,57062.04
6058,2058,Current,381993.27
6059,2059,Savings,433716.41
6060,2060,Savings,294366.19
6061,2061,Savings,110988.14
6062,2062,Current,383629.81
6063,2063,Current,23070.6
6064,2064,Savings,172584.65
6065,2065,Savings,196014.59
6066,2066,Current,166442.52
6067,2067,Current,472473.86
6068,2068,Savings,416289.61
6069,2069,Savings,265670.36
6070,2070,Savings,467637.77
6071,2071,Savings,78875.27
6072,2072,Current,49105.49
6073,2073,Savings,192956.73
6074,2074,Savings,495466.35
6075,2075,Current,451946.1
6076,2076,Savings,111733.71
6077,2077,Savings,465076.04
6078,2078,Savings,315923.63
6079,2079,Current,155271.1
6080,2080,Current,408817.16
6081,2081,Current,428498.94
6082,2082,Current,1252.08
6083,2083,Savings,68215.81
6084,2084,Savings,374955.68
6085,2085,Current,306443.84
6086,2086,Savings,131407.4
6087,2087,Current,138046.7
6088,2088,Current,56419.2
6089,2089,Current,214234.28
6090,2090,Current,31624.22
6091,2091,Savings,342163.17
6092,2092,Savings,123437.85
6093,2093,Current,440699.82
6094,2094,Savings,48375.89
6095,2095,Current,346327.04
6096,2096,Current,435431.2
6097,2097,Current,352329.77
6098,2098,Current,463172.22
6099,2099,Current,164947.81
6100,2100,Savings,68465.95
6101,2101,Savings,175442.17
6102,2102,Savings,298479.5
6103,2103,Savings,472938.57
6104,2104,Savings,148467.16
6105,2105,Current,343013.12
6106,2106,Current,51197.83
6107,2107,Current,134797.91
6108,2108,Savings,80728.54
6109,2109,Current,239835.28
6110,2110,Savings,468456.05
6111,2111,Current,457648.74
6112,2112,Current,214136.91
6113,2113,Current,428955.11
6114,2114,Current,216306.67
6115,2115,Savings,205117.43
6116,2116,Savings,442367.16
6117,2117,Current,16264.12
6118,2118,Savings,440476.65
6119,2119,Savings,417503.6
6120,2120,Current,101257.19
6121,2121,Savings,203774.4
6122,2122,Current,425828
6123,2123,Savings,279474.2
6124,2124,Current,364499.28
6125,2125,Current,78925.06
6126,2126,Savings,237478.49
6127,2127,Current,256050.02
6128,2128,Current,48341.27
6129,2129,Current,163129.22
6130,2130,Savings,367260.32
6131,2131,Savings,85852.21
6132,2132,Savings,311086.53
6133,2133,Current,38386.63
6134,2134,Current,39602.14
6135,2135,Current,347650.64
6136,2136,Current,496306.55
6137,2137,Current,182437.54
6138,2138,Savings,308243.91
6139,2139,Current,309972.41
6140,2140,Savings,88646.19
6141,2141,Savings,470283.07
6142,2142,Savings,264342.3
6143,2143,Savings,196021.71
6144,2144,Savings,68246.3
6145,2145,Current,281600.14
6146,2146,Current,451369.33
6147,2147,Savings,255655.99
6148,2148,Current,62524.69
6149,2149,Savings,139486.12
6150,2150,Current,493819.76
6151,2151,Current,201271.52
6152,2152,Savings,492567.73
6153,2153,Savings,273322.43
6154,2154,Savings,355362.44
6155,2155,Savings,111033.42
6156,2156,Current,493649.37
6157,2157,Current,5289
6158,2158,Current,428468.49
6159,2159,Current,344588.93
6160,2160,Savings,329943.04
6161,2161,Savings,158326.11
6162,2162,Savings,93841.01
6163,2163,Current,312270.45
6164,2164,Current,457695.56
6165,2165,Savings,126000.5
6166,2166,Current,403367.88
6167,2167,Current,45154.77
6168,2168,Savings,122267.96
6169,2169,Current,28547.29
6170,2170,Savings,191710.26
6171,2171,Current,348433.44
6172,2172,Current,248389.04
6173,2173,Current,269386.75
6174,2174,Current,287904.79
6175,2175,Savings,112447.29
6176,2176,Current,167420.33
6177,2177,Savings,227985.83
6178,2178,Current,287294.33
6179,2179,Current,423687.94
6180,2180,Current,231462.47
6181,2181,Current,384703.77
6182,2182,Savings,59783.46
6183,2183,Savings,65759.11
6184,2184,Savings,144803.18
6185,2185,Savings,159777.95
6186,2186,Savings,313505.8
6187,2187,Savings,110441.22
6188,2188,Current,71526.01
6189,2189,Savings,323312.34
6190,2190,Savings,498656.51
6191,2191,Savings,496036.28
6192,2192,Savings,461096.05
6193,2193,Savings,31972.52
6194,2194,Savings,382377
6195,2195,Savings,192700.79
6196,2196,Current,411285.98
6197,2197,Current,25139.5
6198,2198,Current,418633.47
6199,2199,Current,310285.98
6200,2200,Current,41016.07
6201,2201,Current,479262.78
6202,2202,Current,436377.17
6203,2203,Current,344843.55
6204,2204,Savings,185229.83
6205,2205,Savings,255334.15
6206,2206,Savings,14620.06
6207,2207,Savings,336257.45
6208,2208,Savings,477737.01
6209,2209,Savings,110097.04
6210,2210,Savings,204354.58
6211,2211,Current,431075.22
6212,2212,Savings,34006.89
6213,2213,Savings,160673.68
6214,2214,Savings,470806.71
6215,2215,Current,384729.7
6216,2216,Current,41379.47
6217,2217,Current,232765.05
6218,2218,Savings,256755.71
6219,2219,Savings,370470.83
6220,2220,Current,107975.38
6221,2221,Savings,118548.62
6222,2222,Current,426488.22
6223,2223,Savings,112988.42
6224,2224,Savings,224333.26
6225,2225,Savings,347866.76
6226,2226,Savings,262919.25
6227,2227,Savings,457762.91
6228,2228,Current,256064.3
6229,2229,Current,104554.69
6230,2230,Savings,415988.12
6231,2231,Savings,389627.47
6232,2232,Savings,101915.12
6233,2233,Savings,385807.68
6234,2234,Current,161808.91
6235,2235,Savings,283083.23
6236,2236,Current,485474.71
6237,2237,Savings,23099.07
6238,2238,Current,86172.58
6239,2239,Current,303444.3
6240,2240,Savings,25993.03
6241,2241,Current,55878.55
6242,2242,Savings,306881.38
6243,2243,Savings,420890.88
6244,2244,Current,273322.46
6245,2245,Savings,94193.99
6246,2246,Savings,66563.09
6247,2247,Current,410496.09
6248,2248,Current,451470.46
6249,2249,Savings,377588.58
6250,2250,Savings,110536.92
6251,2251,Savings,176667.24
6252,2252,Current,215947.63
6253,2253,Current,62992.86
6254,2254,Savings,127451.5
6255,2255,Current,363586.99
6256,2256,Current,391409.49
6257,2257,Current,92036.54
6258,2258,Savings,163983.48
6259,2259,Current,247678.86
6260,2260,Current,88365.47
6261,2261,Savings,431712.68
6262,2262,Current,151975.26
6263,2263,Savings,124697.8
6264,2264,Current,446885.25
6265,2265,Savings,337141.69
6266,2266,Savings,256723.64
6267,2267,Savings,54520.06
6268,2268,Current,73510.95
6269,2269,Current,112691.59
6270,2270,Current,110052.24
6271,2271,Current,443621.63
6272,2272,Current,470980.62
6273,2273,Savings,209030.44
6274,2274,Current,101105.46
6275,2275,Current,137574.31
6276,2276,Savings,12691.1
6277,2277,Savings,108325.84
6278,2278,Savings,8738.5
6279,2279,Current,480920.38
6280,2280,Current,312196.54
6281,2281,Current,337385.94
6282,2282,Savings,42091.65
6283,2283,Savings,231041.53
6284,2284,Current,216417.5
6285,2285,Savings,418462.2
6286,2286,Savings,389926.57
6287,2287,Savings,208300.53
6288,2288,Current,364126.5
6289,2289,Current,44299.2
6290,2290,Savings,127549.13
6291,2291,Current,85934.61
6292,2292,Savings,363000.74
6293,2293,Current,441651.13
6294,2294,Current,309723.11
6295,2295,Savings,332853.87
6296,2296,Current,295902.78
6297,2297,Current,295686.5
6298,2298,Current,106720.97
6299,2299,Current,10157.73
6300,2300,Savings,96940.37
6301,2301,Savings,160205.54
6302,2302,Savings,200732.75
6303,2303,Savings,360950.54
6304,2304,Savings,8767.67
6305,2305,Current,290232.68
6306,2306,Savings,147933.73
6307,2307,Savings,90876.71
6308,2308,Savings,142708.81
6309,2309,Savings,183990.05
6310,2310,Savings,425272.26
6311,2311,Current,126130.07
6312,2312,Savings,264342.26
6313,2313,Current,368588.48
6314,2314,Current,463655.12
6315,2315,Current,17528.55
6316,2316,Savings,388374.24
6317,2317,Current,123338.31
6318,2318,Savings,419845.41
6319,2319,Savings,74655.55
6320,2320,Savings,334994.53
6321,2321,Current,369787.53
6322,2322,Savings,260511.7
6323,2323,Savings,172881.66
6324,2324,Savings,79532.29
6325,2325,Savings,53363.62
6326,2326,Savings,378067.47
6327,2327,Current,30977.23
6328,2328,Savings,291724.93
6329,2329,Savings,15431.34
6330,2330,Current,230986.65
6331,2331,Current,70032.82
6332,2332,Current,325686.62
6333,2333,Current,123287.16
6334,2334,Savings,175859.26
6335,2335,Current,380340.95
6336,2336,Current,302226.58
6337,2337,Savings,361882.79
6338,2338,Current,348520.13
6339,2339,Current,445178.01
6340,2340,Savings,390478.1
6341,2341,Current,366071.93
6342,2342,Current,34830.32
6343,2343,Savings,58658.48
6344,2344,Current,271893.52
6345,2345,Savings,166548.43
6346,2346,Current,255986.04
6347,2347,Savings,364709.77
6348,2348,Current,163262.16
6349,2349,Savings,431587.06
6350,2350,Savings,215208.39
6351,2351,Savings,166078.69
6352,2352,Savings,256641.86
6353,2353,Savings,256746.27
6354,2354,Savings,429411.33
6355,2355,Current,96383.19
6356,2356,Current,259865.16
6357,2357,Current,405891.03
6358,2358,Savings,334372.15
6359,2359,Current,278716.27
6360,2360,Current,425001.11
6361,2361,Savings,386881.28
6362,2362,Savings,32465.7
6363,2363,Current,224658.84
6364,2364,Current,352383.06
6365,2365,Current,320213.72
6366,2366,Savings,169604.46
6367,2367,Current,219989.38
6368,2368,Current,254221.42
6369,2369,Current,214793.85
6370,2370,Savings,371116.13
6371,2371,Current,246548.62
6372,2372,Savings,399034.34
6373,2373,Savings,227032.69
6374,2374,Current,21847.63
6375,2375,Current,429752.06
6376,2376,Savings,367106.02
6377,2377,Savings,86870.06
6378,2378,Savings,171391.28
6379,2379,Current,33260.19
6380,2380,Current,240937.23
6381,2381,Savings,228971.5
6382,2382,Savings,91283.02
6383,2383,Savings,93483.75
6384,2384,Current,123188.31
6385,2385,Savings,354889.75
6386,2386,Savings,164339.29
6387,2387,Savings,290423.88
6388,2388,Current,120637.3
6389,2389,Current,430326.58
6390,2390,Savings,347436.49
6391,2391,Current,494066.81
6392,2392,Savings,434154.58
6393,2393,Savings,68311.41
6394,2394,Savings,353482.9
6395,2395,Savings,143409.84
6396,2396,Savings,297733.03
6397,2397,Current,324087.98
6398,2398,Current,376804.89
6399,2399,Current,254708.33
6400,2400,Current,187420.57
6401,2401,Savings,472681.2
6402,2402,Current,168254.97
6403,2403,Current,147255.33
6404,2404,Current,157302.92
6405,2405,Savings,412406.04
6406,2406,Savings,317753.04
6407,2407,Savings,92931.43
6408,2408,Savings,98380.79
6409,2409,Savings,56821.65
6410,2410,Current,210345.18
6411,2411,Current,238828.34
6412,2412,Current,176004.88
6413,2413,Savings,197162.66
6414,2414,Current,305542.68
6415,2415,Savings,274055.28
6416,2416,Savings,219942.34
6417,2417,Current,248689.41
6418,2418,Current,396528.98
6419,2419,Savings,258521.77
6420,2420,Current,478927.25
6421,2421,Current,276699.69
6422,2422,Savings,164232.23
6423,2423,Current,471851.63
6424,2424,Current,49943.91
6425,2425,Current,436797.85
6426,2426,Current,61955.37
6427,2427,Current,321507.39
6428,2428,Savings,444403.14
6429,2429,Savings,54003.56
6430,2430,Savings,499774.35
6431,2431,Savings,241462.37
6432,2432,Current,245748.08
6433,2433,Savings,172087.1
6434,2434,Savings,198120.92
6435,2435,Current,228150.39
6436,2436,Savings,90428.41
6437,2437,Current,243603.8
6438,2438,Current,298836.75
6439,2439,Savings,13745.21
6440,2440,Savings,372709.72
6441,2441,Current,281027.17
6442,2442,Savings,55710.51
6443,2443,Current,421499.98
6444,2444,Savings,248889.76
6445,2445,Current,213288.7
6446,2446,Current,192194.88
6447,2447,Current,392595.22
6448,2448,Savings,41407.56
6449,2449,Savings,353015.23
6450,2450,Current,318926.49
6451,2451,Current,212268.71
6452,2452,Current,475735.36
6453,2453,Savings,275809.46
6454,2454,Savings,298294.14
6455,2455,Savings,381792.43
6456,2456,Current,313039.75
6457,2457,Savings,421598.49
6458,2458,Savings,115241.82
6459,2459,Savings,393088.32
6460,2460,Current,32727.95
6461,2461,Savings,341940.8
6462,2462,Savings,492711.11
6463,2463,Current,344007.97
6464,2464,Savings,165479.72
6465,2465,Current,253759.16
6466,2466,Savings,496416.48
6467,2467,Savings,239974.42
6468,2468,Current,394103.73
6469,2469,Current,91977.43
6470,2470,Savings,420585.66
6471,2471,Current,88998
6472,2472,Current,496827.82
6473,2473,Savings,54792.1
6474,2474,Current,191434.72
6475,2475,Current,351486.02
6476,2476,Savings,372823.36
6477,2477,Current,153853.71
6478,2478,Current,299454.06
6479,2479,Savings,43440.93
6480,2480,Current,18856.91
6481,2481,Current,69585.83
6482,2482,Current,199045.53
6483,2483,Savings,244863.2
6484,2484,Savings,50444.89
6485,2485,Savings,220397.41
6486,2486,Current,455356.07
6487,2487,Savings,297542.63
6488,2488,Savings,154680.71
6489,2489,Current,94879.23
6490,2490,Savings,256714.5
6491,2491,Current,120741.47
6492,2492,Savings,471348.58
6493,2493,Savings,164394.72
6494,2494,Savings,23506.2
6495,2495,Current,392009.68
6496,2496,Current,395915.53
6497,2497,Savings,445194.83
6498,2498,Savings,409782.12
6499,2499,Savings,149233.26
6500,2500,Current,381229.54
6501,2501,Current,429277.51
6502,2502,Savings,422900.66
6503,2503,Current,227864.57
6504,2504,Current,351610.02
6505,2505,Current,464874.04
6506,2506,Savings,313156.09
6507,2507,Savings,161481.89
6508,2508,Current,41299.53
6509,2509,Savings,56814.54
6510,2510,Savings,240720.57
6511,2511,Savings,302843.15
6512,2512,Savings,90380.62
6513,2513,Current,94627.16
6514,2514,Current,58962.49
6515,2515,Current,159867.01
6516,2516,Current,289952.68
6517,2517,Current,343151.8
6518,2518,Current,455467.6
6519,2519,Savings,298731.09
6520,2520,Savings,116325.47
6521,2521,Savings,363959.64
6522,2522,Current,446696.36
6523,2523,Current,105686.54
6524,2524,Savings,386986.98
6525,2525,Savings,403644.04
6526,2526,Current,153884.27
6527,2527,Savings,250576.52
6528,2528,Savings,208184.41
6529,2529,Current,125968.58
6530,2530,Current,258212.89
6531,2531,Savings,437382.7
6532,2532,Savings,36526.28
6533,2533,Savings,455810.73
6534,2534,Current,28588.97
6535,2535,Current,223621.29
6536,2536,Savings,14282.79
6537,2537,Savings,361719.49
6538,2538,Current,57353.62
6539,2539,Current,417788.37
6540,2540,Current,449235.34
6541,2541,Current,202193.36
6542,2542,Savings,492977.94
6543,2543,Current,199289.36
6544,2544,Savings,229231.63
6545,2545,Savings,210308.7
6546,2546,Current,272779.84
6547,2547,Savings,459897.47
6548,2548,Savings,54828.92
6549,2549,Savings,197833.08
6550,2550,Current,178989.43
6551,2551,Current,50854.73
6552,2552,Current,388149.56
6553,2553,Savings,70116.13
6554,2554,Current,24345.93
6555,2555,Current,486826.34
6556,2556,Savings,348942.46
6557,2557,Current,365134.23
6558,2558,Savings,287946.32
6559,2559,Current,86499.64
6560,2560,Savings,267474.24
6561,2561,Current,388587.01
6562,2562,Current,354534.18
6563,2563,Current,321258.87
6564,2564,Savings,42058.66
6565,2565,Savings,324142.09
6566,2566,Current,34521.9
6567,2567,Savings,458926.59
6568,2568,Current,427258.54
6569,2569,Current,12661.07
6570,2570,Current,107703.62
6571,2571,Current,285049.8
6572,2572,Savings,23402.28
6573,2573,Current,454953.42
6574,2574,Current,449453.35
6575,2575,Savings,85366.66
6576,2576,Savings,460346.73
6577,2577,Savings,351826.73
6578,2578,Current,231499.69
6579,2579,Current,230199.74
6580,2580,Current,158116.83
6581,2581,Savings,293289.37
6582,2582,Current,301237.65
6583,2583,Savings,85912.54
6584,2584,Savings,242446.85
6585,2585,Savings,56069.85
6586,2586,Current,386751.62
6587,2587,Savings,397792.95
6588,2588,Savings,427931.25
6589,2589,Savings,23594.42
6590,2590,Current,333475.84
6591,2591,Savings,438050.84
6592,2592,Savings,168315.07
6593,2593,Current,396352.73
6594,2594,Savings,3850.33
6595,2595,Current,332975.02
6596,2596,Current,121102.49
6597,2597,Current,40014.71
6598,2598,Current,250606.67
6599,2599,Current,183914.97
6600,2600,Savings,298723.02
6601,2601,Savings,428229.14
6602,2602,Current,196628.85
6603,2603,Current,463438.2
6604,2604,Savings,134974.86
6605,2605,Current,389182.64
6606,2606,Savings,320683.6
6607,2607,Savings,258100.73
6608,2608,Savings,225199.59
6609,2609,Savings,456893.81
6610,2610,Current,324538.06
6611,2611,Savings,181209.33
6612,2612,Savings,276554.81
6613,2613,Savings,276072.55
6614,2614,Savings,438619.09
6615,2615,Savings,21745.15
6616,2616,Savings,220956.08
6617,2617,Savings,255553.6
6618,2618,Savings,76828.5
6619,2619,Savings,1390.61
6620,2620,Savings,2065.9
6621,2621,Savings,492197.01
6622,2622,Current,38875.47
6623,2623,Current,46023.77
6624,2624,Current,63010.23
6625,2625,Current,494387.64
6626,2626,Savings,372577.12
6627,2627,Current,204927.67
6628,2628,Current,493534.85
6629,2629,Current,280623.63
6630,2630,Current,403702.34
6631,2631,Savings,38717.36
6632,2632,Current,469723.38
6633,2633,Current,476307.62
6634,2634,Current,431907.55
6635,2635,Current,81359.86
6636,2636,Current,2641.24
6637,2637,Current,449343.27
6638,2638,Current,154253.03
6639,2639,Current,182146.59
6640,2640,Savings,235690.05
6641,2641,Current,159505.02
6642,2642,Current,297799.5
6643,2643,Current,202308.83
6644,2644,Current,366139.86
6645,2645,Savings,16921
6646,2646,Current,103324.45
6647,2647,Current,457428.04
6648,2648,Current,23582.45
6649,2649,Current,239258.27
6650,2650,Current,91520.14
6651,2651,Savings,389668.23
6652,2652,Current,260336.48
6653,2653,Savings,359635.46
6654,2654,Savings,414913.92
6655,2655,Savings,375793.91
6656,2656,Savings,205166.2
6657,2657,Savings,228099.58
6658,2658,Savings,327847.61
6659,2659,Current,374332.02
6660,2660,Savings,186698.96
6661,2661,Savings,389322.14
6662,2662,Current,3460.94
6663,2663,Savings,456133.08
6664,2664,Current,298284.98
6665,2665,Savings,283241.88
6666,2666,Savings,281026.51
6667,2667,Savings,20918.3
6668,2668,Savings,474759.68
6669,2669,Savings,382294.31
6670,2670,Current,358169.31
6671,2671,Savings,350858.83
6672,2672,Savings,272277.07
6673,2673,Current,311717.3
6674,2674,Savings,462281.29
6675,2675,Savings,180903.42
6676,2676,Savings,299241.53
6677,2677,Savings,195799.72
6678,2678,Current,60251.22
6679,2679,Savings,73111.05
6680,2680,Current,33255.71
6681,2681,Current,195587.36
6682,2682,Current,175250.95
6683,2683,Savings,62760.88
6684,2684,Savings,225096.29
6685,2685,Current,107304.99
6686,2686,Current,51501.41
6687,2687,Savings,161640.86
6688,2688,Current,337454.23
6689,2689,Current,19586.94
6690,2690,Current,343369.11
6691,2691,Current,72213.68
6692,2692,Current,454418.74
6693,2693,Savings,49679.86
6694,2694,Current,96502.32
6695,2695,Savings,114584.87
6696,2696,Current,332084.63
6697,2697,Savings,405748.64
6698,2698,Current,265240.78
6699,2699,Current,372335.21
6700,2700,Savings,443845.03
6701,2701,Current,305704.79
6702,2702,Savings,155913.71
6703,2703,Savings,77398.68
6704,2704,Savings,294766.81
6705,2705,Savings,418382.41
6706,2706,Savings,95992.83
6707,2707,Savings,499739.61
6708,2708,Savings,64421.01
6709,2709,Current,20506.89
6710,2710,Savings,343281.37
6711,2711,Savings,183162.94
6712,2712,Current,335546.54
6713,2713,Savings,91319.14
6714,2714,Current,94205.07
6715,2715,Savings,251670.22
6716,2716,Current,472690.15
6717,2717,Current,188325.15
6718,2718,Savings,37378.23
6719,2719,Savings,368859.54
6720,2720,Current,461190.09
6721,2721,Current,182239.32
6722,2722,Current,229077.78
6723,2723,Current,475779.34
6724,2724,Savings,374272.96
6725,2725,Current,334895.74
6726,2726,Current,65111.34
6727,2727,Savings,291076.75
6728,2728,Savings,430167.98
6729,2729,Current,363532.25
6730,2730,Current,58964.35
6731,2731,Current,335982.44
6732,2732,Savings,402594.15
6733,2733,Current,191447.62
6734,2734,Current,377292.95
6735,2735,Current,356412.92
6736,2736,Savings,166906.26
6737,2737,Savings,371400.98
6738,2738,Savings,320175.28
6739,2739,Current,156695.46
6740,2740,Current,268518.26
6741,2741,Current,228986.3
6742,2742,Savings,26225.27
6743,2743,Current,341809.4
6744,2744,Current,69049.57
6745,2745,Savings,121889.85
6746,2746,Current,479165.28
6747,2747,Current,116144.15
6748,2748,Savings,196538.89
6749,2749,Current,479996.46
6750,2750,Current,375395.67
6751,2751,Savings,340579.63
6752,2752,Savings,410599.14
6753,2753,Current,30633.46
6754,2754,Savings,443682.75
6755,2755,Current,126866.81
6756,2756,Savings,77639.41
6757,2757,Current,414925.84
6758,2758,Current,140912.48
6759,2759,Current,120041.28
6760,2760,Savings,395644.05
6761,2761,Savings,28806.84
6762,2762,Current,39006.52
6763,2763,Savings,406682.19
6764,2764,Savings,210017.78
6765,2765,Savings,423340.13
6766,2766,Current,394883.55
6767,2767,Current,279245.2
6768,2768,Savings,375026.96
6769,2769,Current,72456.05
6770,2770,Current,96002.05
6771,2771,Current,421472.16
6772,2772,Current,171295.31
6773,2773,Current,3472.1
6774,2774,Current,476721.71
6775,2775,Savings,356199.73
6776,2776,Savings,422845.91
6777,2777,Current,456460.56
6778,2778,Savings,315985.56
6779,2779,Current,252038.9
6780,2780,Current,76260.14
6781,2781,Current,95070.62
6782,2782,Current,225858.63
6783,2783,Savings,34280.49
6784,2784,Savings,393585.98
6785,2785,Savings,279656.2
6786,2786,Current,463093.15
6787,2787,Current,312737.81
6788,2788,Current,486122.38
6789,2789,Savings,140095.73
6790,2790,Savings,175606.72
6791,2791,Savings,212237.89
6792,2792,Current,148373.52
6793,2793,Current,398031.78
6794,2794,Current,267229.56
6795,2795,Current,228103.03
6796,2796,Current,228723.84
6797,2797,Savings,407403.81
6798,2798,Current,121271.58
6799,2799,Current,161140.76
6800,2800,Current,464846.48
6801,2801,Current,199232.63
6802,2802,Current,497830.08
6803,2803,Current,219239.99
6804,2804,Current,211861.41
6805,2805,Current,297124.44
6806,2806,Savings,423493.13
6807,2807,Current,359920.99
6808,2808,Current,381062.99
6809,2809,Current,488465.91
6810,2810,Current,398372.26
6811,2811,Savings,234151.9
6812,2812,Current,328684.28
6813,2813,Current,415408.45
6814,2814,Current,85567.28
6815,2815,Savings,174457.95
6816,2816,Savings,302783.87
6817,2817,Current,190648.7
6818,2818,Current,27991.96
6819,2819,Savings,470215.6
6820,2820,Savings,270386.82
6821,2821,Savings,317716.4
6822,2822,Savings,360001.86
6823,2823,Current,19152.53
6824,2824,Savings,91725.29
6825,2825,Current,451844.53
6826,2826,Current,393825.42
6827,2827,Current,33971.9
6828,2828,Savings,394053.41
6829,2829,Current,449987.08
6830,2830,Current,84356.87
6831,2831,Current,32257.94
6832,2832,Savings,431651.85
6833,2833,Savings,300792.35
6834,2834,Current,495007.94
6835,2835,Savings,352925.08
6836,2836,Savings,256033.94
6837,2837,Current,123545.91
6838,2838,Current,350186.55
6839,2839,Savings,39362.54
6840,2840,Current,208415.05
6841,2841,Current,173983.69
6842,2842,Current,301861
6843,2843,Savings,111754.66
6844,2844,Current,82302.17
6845,2845,Savings,75629.19
6846,2846,Savings,155954.76
6847,2847,Current,431870.7
6848,2848,Current,199214.49
6849,2849,Savings,445746.83
6850,2850,Current,373940.15
6851,2851,Savings,357989.05
6852,2852,Current,384220.63
6853,2853,Savings,252401.06
6854,2854,Savings,135264.37
6855,2855,Savings,90141.62
6856,2856,Savings,248962.22
6857,2857,Current,188405.65
6858,2858,Current,329258.45
6859,2859,Current,175204.75
6860,2860,Current,29516.53
6861,2861,Current,190231.61
6862,2862,Savings,442349.2
6863,2863,Current,353455.72
6864,2864,Current,193602.7
6865,2865,Savings,106033.8
6866,2866,Current,283533.75
6867,2867,Current,467689.74
6868,2868,Savings,290494.58
6869,2869,Current,444802.96
6870,2870,Current,353111.35
6871,2871,Current,60974.12
6872,2872,Savings,351751.17
6873,2873,Current,303499.38
6874,2874,Savings,180881.92
6875,2875,Current,476819.9
6876,2876,Savings,165548.39
6877,2877,Savings,43022.26
6878,2878,Current,124573.25
6879,2879,Savings,218733.67
6880,2880,Savings,445025.95
6881,2881,Savings,15328.26
6882,2882,Current,398894.85
6883,2883,Current,139090.02
6884,2884,Savings,301627.64
6885,2885,Savings,189882.89
6886,2886,Current,132646.33
6887,2887,Savings,254202.99
6888,2888,Current,187863.18
6889,2889,Savings,197231.1
6890,2890,Savings,81358.97
6891,2891,Current,71943.93
6892,2892,Savings,131338.2
6893,2893,Current,294625.51
6894,2894,Current,117272.6
6895,2895,Savings,386895.77
6896,2896,Savings,407494.07
6897,2897,Savings,81594.64
6898,2898,Current,488066.29
6899,2899,Savings,133941.96
6900,2900,Savings,37309.51
6901,2901,Current,219755.07
6902,2902,Savings,91606.69
6903,2903,Savings,392418.85
6904,2904,Current,58375.6
6905,2905,Current,242321.28
6906,2906,Current,42753.96
6907,2907,Savings,449457.42
6908,2908,Savings,154992.21
6909,2909,Savings,308778.27
6910,2910,Current,364988.13
6911,2911,Savings,17012.99
6912,2912,Savings,191375.3
6913,2913,Current,142349.29
6914,2914,Current,273505.61
6915,2915,Savings,385714.63
6916,2916,Savings,66163.53
6917,2917,Savings,238108.33
6918,2918,Current,66033.29
6919,2919,Current,395196.5
6920,2920,Current,392722.77
6921,2921,Savings,166026.81
6922,2922,Savings,164697.06
6923,2923,Current,300020.1
6924,2924,Current,498642.85
6925,2925,Savings,490279.44
6926,2926,Savings,158520.31
6927,2927,Savings,414962.59
6928,2928,Savings,158425.29
6929,2929,Current,256215.76
6930,2930,Savings,16825.41
6931,2931,Savings,470268.85
6932,2932,Savings,367637.75
6933,2933,Savings,432816.95
6934,2934,Current,279406.13
6935,2935,Savings,33663.14
6936,2936,Savings,220141.79
6937,2937,Savings,184309.64
6938,2938,Current,258142.86
6939,2939,Savings,105902.47
6940,2940,Savings,226372.75
6941,2941,Savings,15679.61
6942,2942,Current,75402.89
6943,2943,Savings,435855.02
6944,2944,Current,189590.66
6945,2945,Current,215088.63
6946,2946,Current,179262.69
6947,2947,Savings,310716.1
6948,2948,Current,3461.46
6949,2949,Current,474248.58
6950,2950,Current,277550.96
6951,2951,Current,191102.57
6952,2952,Savings,431796.86
6953,2953,Savings,248810.05
6954,2954,Current,47365.09
6955,2955,Current,456508.47
6956,2956,Current,193908.62
6957,2957,Current,286393.72
6958,2958,Savings,472253.47
6959,2959,Current,148262.06
6960,2960,Savings,89821.09
6961,2961,Savings,432821.41
6962,2962,Current,261490.49
6963,2963,Savings,347880.74
6964,2964,Savings,56211.06
6965,2965,Current,348421.9
6966,2966,Savings,287465.77
6967,2967,Current,164568.18
6968,2968,Savings,424957.95
6969,2969,Savings,230817.81
6970,2970,Current,204975.7
6971,2971,Savings,92517.37
6972,2972,Current,128065.35
6973,2973,Current,137351.77
6974,2974,Current,203492.83
6975,2975,Savings,250919.31
6976,2976,Savings,495156.41
6977,2977,Current,272959.2
6978,2978,Current,234104.74
6979,2979,Savings,320224.38
6980,2980,Savings,378029.16
6981,2981,Savings,489717.88
6982,2982,Current,499049.63
6983,2983,Current,430585.83
6984,2984,Savings,22228.83
6985,2985,Savings,21921.08
6986,2986,Savings,162232.53
6987,2987,Current,434067.66
6988,2988,Savings,380911.75
6989,2989,Current,315037.62
6990,2990,Current,97206.13
6991,2991,Savings,485762.21
6992,2992,Current,449406.39
6993,2993,Current,456742.62
6994,2994,Savings,254365.81
6995,2995,Savings,184572.7
6996,2996,Savings,318929.92
6997,2997,Current,328493.25
6998,2998,Savings,463751.84
6999,2999,Savings,286182.19
